Data Fraction,Elapsed Time (s)
0.1,0.0004208087921142578
0.25,0.0004248619079589844
0.5,0.00046181678771972656
0.75,0.0005488395690917969
1.0,0.0006439685821533203
